<keymap version="1" name="codeitlikemiley" parent="Mac OS X 10.5+">
  <action id="$Cut">
    <keyboard-shortcut first-keystroke="shift delete" />
  </action>
  <action id="ActivateBookmarksToolWindow">
    <keyboard-shortcut first-keystroke="meta f3" />
  </action>
  <action id="ActivateBuildToolWindow">
    <keyboard-shortcut first-keystroke="alt b" />
  </action>
  <action id="ActivateCargoToolWindow">
    <keyboard-shortcut first-keystroke="alt c" />
  </action>
  <action id="ActivateCommitToolWindow">
    <keyboard-shortcut first-keystroke="alt g" />
  </action>
  <action id="ActivateDatabaseToolWindow">
    <keyboard-shortcut first-keystroke="meta y" />
  </action>
  <action id="ActivateDebugToolWindow">
    <keyboard-shortcut first-keystroke="alt d" />
  </action>
  <action id="ActivateFindToolWindow">
    <keyboard-shortcut first-keystroke="alt f" />
  </action>
  <action id="ActivateNotificationsToolWindow">
    <keyboard-shortcut first-keystroke="f11" />
  </action>
  <action id="ActivateProblemsViewToolWindow">
    <keyboard-shortcut first-keystroke="alt x" />
  </action>
  <action id="ActivateProjectToolWindow">
    <keyboard-shortcut first-keystroke="meta f1" />
  </action>
  <action id="ActivateRunToolWindow">
    <keyboard-shortcut first-keystroke="alt r" />
  </action>
  <action id="ActivateServicesToolWindow" />
  <action id="ActivateStructureToolWindow">
    <keyboard-shortcut first-keystroke="meta f2" />
  </action>
  <action id="ActivateTODOToolWindow">
    <keyboard-shortcut first-keystroke="meta f4" />
  </action>
  <action id="ActivateTerminalToolWindow">
    <keyboard-shortcut first-keystroke="meta back_quote" />
  </action>
  <action id="ActivateVersionControlToolWindow" />
  <action id="Activatedocumentation.v2ToolWindow">
    <keyboard-shortcut first-keystroke="f1" />
  </action>
  <action id="Activategithub.copilotToolWindowToolWindow">
    <keyboard-shortcut first-keystroke="f12" />
  </action>
  <action id="AddBreakpoint">
    <keyboard-shortcut first-keystroke="meta d" />
  </action>
  <action id="Adtui.ZoomToActualAction">
    <keyboard-shortcut first-keystroke="meta numpad0" />
  </action>
  <action id="Back">
    <keyboard-shortcut first-keystroke="meta open_bracket" />
    <mouse-shortcut keystroke="button4" />
  </action>
  <action id="Bookmarks.Goto">
    <keyboard-shortcut first-keystroke="shift meta g" />
  </action>
  <action id="Cargo.RefreshCargoProject">
    <keyboard-shortcut first-keystroke="meta f5" />
  </action>
  <action id="Cargo.RunCargoCommand">
    <keyboard-shortcut first-keystroke="shift meta p" />
  </action>
  <action id="ChangeSignature" />
  <action id="ChangesView.Move" />
  <action id="ChangesView.Rename">
    <keyboard-shortcut first-keystroke="f2" />
  </action>
  <action id="ChooseDebugConfiguration">
    <keyboard-shortcut first-keystroke="shift alt d" />
  </action>
  <action id="ClearAllNotifications">
    <keyboard-shortcut first-keystroke="meta back_slash" />
  </action>
  <action id="CollapseSelection" />
  <action id="CompareTwoFiles" />
  <action id="CopyElement">
    <keyboard-shortcut first-keystroke="shift alt m" />
  </action>
  <action id="Debug" />
  <action id="DebugClass">
    <keyboard-shortcut first-keystroke="meta t" />
  </action>
  <action id="DuplicatesForm.SendToLeft" />
  <action id="DuplicatesForm.SendToRight" />
  <action id="Editor Copy">
    <keyboard-shortcut first-keystroke="meta c" />
  </action>
  <action id="Editor Redo">
    <keyboard-shortcut first-keystroke="shift meta z" />
  </action>
  <action id="Editor Undo">
    <keyboard-shortcut first-keystroke="meta z" />
  </action>
  <action id="EditorDuplicate" />
  <action id="EditorLeft">
    <keyboard-shortcut first-keystroke="left" />
  </action>
  <action id="EditorLineEnd">
    <keyboard-shortcut first-keystroke="meta right" />
    <keyboard-shortcut first-keystroke="ctrl e" />
    <keyboard-shortcut first-keystroke="end" />
    <keyboard-shortcut first-keystroke="meta l" />
  </action>
  <action id="EditorLineStart">
    <keyboard-shortcut first-keystroke="meta left" />
    <keyboard-shortcut first-keystroke="ctrl a" />
    <keyboard-shortcut first-keystroke="home" />
    <keyboard-shortcut first-keystroke="meta h" />
  </action>
  <action id="EditorPasteFromX11">
    <mouse-shortcut keystroke="button2" />
    <keyboard-shortcut first-keystroke="meta v" />
  </action>
  <action id="EditorScrollToCenter" />
  <action id="EditorSelectWord">
    <keyboard-shortcut first-keystroke="alt up" />
    <keyboard-shortcut first-keystroke="meta k" />
  </action>
  <action id="EditorUnSelectWord">
    <keyboard-shortcut first-keystroke="alt down" />
    <keyboard-shortcut first-keystroke="meta j" />
  </action>
  <action id="ExternalSystem.ProjectRefreshAction" />
  <action id="FileChooser.GotoHome">
    <keyboard-shortcut first-keystroke="meta f1" />
  </action>
  <action id="FileChooser.GotoModule" />
  <action id="FileChooser.GotoProject" />
  <action id="FileChooser.TogglePathBar" />
  <action id="FileStructurePopup" />
  <action id="FindNext">
    <keyboard-shortcut first-keystroke="meta n" />
  </action>
  <action id="FindPrevious">
    <keyboard-shortcut first-keystroke="shift meta n" />
  </action>
  <action id="FindUsages">
    <keyboard-shortcut first-keystroke="meta u" />
  </action>
  <action id="FindUsagesInFile" />
  <action id="Forward">
    <keyboard-shortcut first-keystroke="meta close_bracket" />
    <mouse-shortcut keystroke="button5" />
  </action>
  <action id="Generate">
    <keyboard-shortcut first-keystroke="ctrl enter" />
  </action>
  <action id="Git.Rename.Local.Branch">
    <keyboard-shortcut first-keystroke="f2" />
  </action>
  <action id="Git.Reword.Commit">
    <keyboard-shortcut first-keystroke="f2" />
  </action>
  <action id="GoToTab1">
    <keyboard-shortcut first-keystroke="meta 1" />
  </action>
  <action id="GoToTab2">
    <keyboard-shortcut first-keystroke="meta 2" />
  </action>
  <action id="GoToTab3">
    <keyboard-shortcut first-keystroke="meta 3" />
  </action>
  <action id="GoToTab4">
    <keyboard-shortcut first-keystroke="meta 4" />
  </action>
  <action id="GoToTab5">
    <keyboard-shortcut first-keystroke="meta 5" />
  </action>
  <action id="GoToTab6">
    <keyboard-shortcut first-keystroke="meta 6" />
  </action>
  <action id="GoToTab7">
    <keyboard-shortcut first-keystroke="meta 7" />
  </action>
  <action id="GoToTab8">
    <keyboard-shortcut first-keystroke="meta 8" />
  </action>
  <action id="GoToTab9">
    <keyboard-shortcut first-keystroke="meta 9" />
  </action>
  <action id="GotoAction" />
  <action id="GotoDeclaration">
    <mouse-shortcut keystroke="meta button1" />
    <mouse-shortcut keystroke="Force touch" />
    <mouse-shortcut keystroke="button2" />
  </action>
  <action id="GotoImplementation">
    <mouse-shortcut keystroke="meta alt button1" />
    <keyboard-shortcut first-keystroke="meta i" />
  </action>
  <action id="GotoLine" />
  <action id="GotoNextError">
    <keyboard-shortcut first-keystroke="shift meta x" />
  </action>
  <action id="GotoPreviousError">
    <keyboard-shortcut first-keystroke="meta x" />
  </action>
  <action id="GotoSuperMethod" />
  <action id="GotoTypeDeclaration">
    <keyboard-shortcut first-keystroke="shift ctrl b" />
    <mouse-shortcut keystroke="shift meta button1" />
  </action>
  <action id="InsertLiveTemplate">
    <keyboard-shortcut first-keystroke="alt space" />
  </action>
  <action id="Jdbc.OpenConsole.New" />
  <action id="JumpToLastWindow" />
  <action id="MinimizeCurrentWindow" />
  <action id="Move">
    <keyboard-shortcut first-keystroke="alt m" />
  </action>
  <action id="MoveLineDown">
    <keyboard-shortcut first-keystroke="shift alt down" />
    <keyboard-shortcut first-keystroke="alt j" />
  </action>
  <action id="MoveLineUp">
    <keyboard-shortcut first-keystroke="shift alt up" />
    <keyboard-shortcut first-keystroke="alt k" />
  </action>
  <action id="MoveStatementDown">
    <keyboard-shortcut first-keystroke="shift meta down" />
    <keyboard-shortcut first-keystroke="shift alt j" />
  </action>
  <action id="MoveStatementUp">
    <keyboard-shortcut first-keystroke="shift meta up" />
    <keyboard-shortcut first-keystroke="shift alt k" />
  </action>
  <action id="NewDir">
    <keyboard-shortcut first-keystroke="shift alt f" />
  </action>
  <action id="NewScratchFile">
    <keyboard-shortcut first-keystroke="shift alt n" />
  </action>
  <action id="NextTab">
    <keyboard-shortcut first-keystroke="meta close_bracket" />
  </action>
  <action id="NextWindow" />
  <action id="ParameterInfo" />
  <action id="PreviousTab">
    <keyboard-shortcut first-keystroke="meta open_bracket" />
  </action>
  <action id="PreviousWindow" />
  <action id="QuickChangeScheme" />
  <action id="QuickImplementations">
    <keyboard-shortcut first-keystroke="meta d" />
  </action>
  <action id="QuickJavaDoc">
    <keyboard-shortcut first-keystroke="f1" />
    <mouse-shortcut keystroke="control button2" />
  </action>
  <action id="RecentChanges" />
  <action id="Refactorings.QuickListPopupAction">
    <keyboard-shortcut first-keystroke="f3" />
  </action>
  <action id="Refresh" />
  <action id="RenameElement">
    <keyboard-shortcut first-keystroke="f2" />
  </action>
  <action id="Replace">
    <keyboard-shortcut first-keystroke="alt s" />
  </action>
  <action id="ReplaceInPath">
    <keyboard-shortcut first-keystroke="shift meta s" />
    <keyboard-shortcut first-keystroke="shift alt s" />
  </action>
  <action id="Rerun">
    <keyboard-shortcut first-keystroke="shift meta r" />
  </action>
  <action id="RerunTests">
    <keyboard-shortcut first-keystroke="ctrl meta r" />
  </action>
  <action id="Resume">
    <keyboard-shortcut first-keystroke="shift alt r" />
  </action>
  <action id="RunClass">
    <keyboard-shortcut first-keystroke="meta r" />
  </action>
  <action id="RunDashboard.Debug">
    <keyboard-shortcut first-keystroke="meta t" />
  </action>
  <action id="RunDashboard.Run" />
  <action id="Rust.ConsoleREPL">
    <keyboard-shortcut first-keystroke="ctrl back_quote" />
  </action>
  <action id="Rust.NewRustFile">
    <keyboard-shortcut first-keystroke="alt n" />
  </action>
  <action id="SaveAsTemplate">
    <keyboard-shortcut first-keystroke="alt t" />
  </action>
  <action id="SearchEverywhere">
    <keyboard-shortcut first-keystroke="meta p" />
  </action>
  <action id="SelectIn">
    <keyboard-shortcut first-keystroke="alt a" />
  </action>
  <action id="SelectNextOccurrence" />
  <action id="ShelvedChanges.Rename">
    <keyboard-shortcut first-keystroke="f2" />
  </action>
  <action id="ShowBookmarks">
    <keyboard-shortcut first-keystroke="shift meta b" />
  </action>
  <action id="ShowErrorDescription">
    <keyboard-shortcut first-keystroke="alt enter" />
  </action>
  <action id="ShowIntentionActions">
    <keyboard-shortcut first-keystroke="meta period" />
  </action>
  <action id="ShowNavBar">
    <keyboard-shortcut first-keystroke="meta up" />
  </action>
  <action id="ShowTypeBookmarks">
    <keyboard-shortcut first-keystroke="meta g" />
  </action>
  <action id="StepInto">
    <keyboard-shortcut first-keystroke="alt f1" />
  </action>
  <action id="StepOut">
    <keyboard-shortcut first-keystroke="shift f8" />
    <keyboard-shortcut first-keystroke="alt f3" />
  </action>
  <action id="StepOver">
    <keyboard-shortcut first-keystroke="alt f2" />
  </action>
  <action id="Stop">
    <keyboard-shortcut first-keystroke="shift meta t" />
  </action>
  <action id="SurroundWith">
    <keyboard-shortcut first-keystroke="meta semicolon" />
  </action>
  <action id="Terminal.NewTab" />
  <action id="TextSearchAction" />
  <action id="ToggleBookmark">
    <keyboard-shortcut first-keystroke="meta b" />
  </action>
  <action id="ToggleBookmarkWithMnemonic">
    <keyboard-shortcut first-keystroke="meta m" />
  </action>
  <action id="ToggleDistractionFreeMode">
    <keyboard-shortcut first-keystroke="shift alt z" />
  </action>
  <action id="ToggleLineBreakpoint">
    <keyboard-shortcut first-keystroke="shift meta d" />
  </action>
  <action id="ToggleZenMode">
    <keyboard-shortcut first-keystroke="alt z" />
  </action>
  <action id="Tool_External Tools_Run SSR on release mode">
    <keyboard-shortcut first-keystroke="f8" />
  </action>
  <action id="Tool_External Tools_dioxus build web">
    <keyboard-shortcut first-keystroke="f9" />
  </action>
  <action id="Tool_External Tools_format dioxus">
    <keyboard-shortcut first-keystroke="shift meta i" />
  </action>
  <action id="TypeHierarchy" />
  <action id="UsageGrouping.FileStructure" />
  <action id="Vcs.MoveChangedLinesToChangelist" />
  <action id="Vcs.UpdateProject" />
  <action id="ViewBreakpoints" />
  <action id="android.device.back.button" />
  <action id="android.device.power.button" />
  <action id="android.device.screenshot" />
  <action id="context.clear" />
  <action id="org.intellij.plugins.markdown.ui.actions.styling.ToggleStrikethroughAction" />
  <action id="tasks.close" />
  <action id="tasks.goto" />
</keymap>