<keymap version="1" name="codeitlikemiley" parent="Mac OS X 10.5+">
  <action id="AceAction">
    <keyboard-shortcut first-keystroke="alt z" />
  </action>
  <action id="AceLineAction" />
  <action id="AceTargetAction" />
  <action id="ActivateBookmarksToolWindow">
    <keyboard-shortcut first-keystroke="meta f5" />
  </action>
  <action id="ActivateBuildToolWindow">
    <keyboard-shortcut first-keystroke="alt b" />
  </action>
  <action id="ActivateCargoToolWindow">
    <keyboard-shortcut first-keystroke="meta f11" />
  </action>
  <action id="ActivateCommitToolWindow">
    <keyboard-shortcut first-keystroke="alt c" />
  </action>
  <action id="ActivateDatabaseToolWindow">
    <keyboard-shortcut first-keystroke="meta f10" />
  </action>
  <action id="ActivateDebugToolWindow">
    <keyboard-shortcut first-keystroke="alt d" />
  </action>
  <action id="ActivateFindToolWindow">
    <keyboard-shortcut first-keystroke="alt f" />
  </action>
  <action id="ActivateKeyPromoterXToolWindow">
    <keyboard-shortcut first-keystroke="meta f11" />
  </action>
  <action id="ActivateNotificationsToolWindow">
    <keyboard-shortcut first-keystroke="meta f12" />
  </action>
  <action id="ActivatePiecesToolWindow">
    <keyboard-shortcut first-keystroke="meta f9" />
  </action>
  <action id="ActivateProblemsViewToolWindow">
    <keyboard-shortcut first-keystroke="alt p" />
  </action>
  <action id="ActivateProjectToolWindow">
    <keyboard-shortcut first-keystroke="meta f1" />
  </action>
  <action id="ActivateRunToolWindow">
    <keyboard-shortcut first-keystroke="alt r" />
  </action>
  <action id="ActivateRustCargoToolWindow">
    <keyboard-shortcut first-keystroke="meta f3" />
  </action>
  <action id="ActivateServicesToolWindow">
    <keyboard-shortcut first-keystroke="alt a" />
  </action>
  <action id="ActivateStructureToolWindow">
    <keyboard-shortcut first-keystroke="meta f2" />
  </action>
  <action id="ActivateTerminalToolWindow">
    <keyboard-shortcut first-keystroke="meta back_quote" />
  </action>
  <action id="ActivateVersionControlToolWindow" />
  <action id="Activatedocumentation.v2ToolWindow">
    <keyboard-shortcut first-keystroke="f1" />
  </action>
  <action id="ActivatemakeToolWindow">
    <keyboard-shortcut first-keystroke="meta f4" />
  </action>
  <action id="Adtui.ZoomToActualAction">
    <keyboard-shortcut first-keystroke="meta numpad0" />
  </action>
  <action id="Arrangement.Rule.Match.Condition.Move.Down" />
  <action id="Arrangement.Rule.Match.Condition.Move.Up" />
  <action id="Back">
    <mouse-shortcut keystroke="button4" />
  </action>
  <action id="CWMHostShowPopupAction" />
  <action id="Cargo.RunCargoCommand">
    <keyboard-shortcut first-keystroke="shift meta p" />
  </action>
  <action id="Cargo.RunExternalLinter">
    <keyboard-shortcut first-keystroke="shift alt p" />
  </action>
  <action id="ChangeSignature">
    <keyboard-shortcut first-keystroke="f4" />
  </action>
  <action id="ChangesView.Move" />
  <action id="ChangesView.Rename">
    <keyboard-shortcut first-keystroke="f2" />
  </action>
  <action id="ChangesView.ShelveSilently" />
  <action id="ChangesView.ToggleCommitUi" />
  <action id="CheckinProject" />
  <action id="ChooseDebugConfiguration">
    <keyboard-shortcut first-keystroke="shift alt d" />
  </action>
  <action id="ClearAllNotifications">
    <keyboard-shortcut first-keystroke="shift alt back_slash" />
  </action>
  <action id="CollapseBlock" />
  <action id="CollapseSelection" />
  <action id="CompareTwoFiles" />
  <action id="Console.TableResult.CompareCells" />
  <action id="Console.TableResult.Reload" />
  <action id="CypressOpen" />
  <action id="DatabaseView.Tools" />
  <action id="Debug" />
  <action id="DebugClass">
    <keyboard-shortcut first-keystroke="meta t" />
  </action>
  <action id="Diff.FocusOppositePane" />
  <action id="Diff.NextChange" />
  <action id="Diff.PrevChange" />
  <action id="Diff.ShowDiff" />
  <action id="Diff.ShowSettingsPopup" />
  <action id="DuplicatesForm.SendToLeft" />
  <action id="DuplicatesForm.SendToRight" />
  <action id="EditSource">
    <keyboard-shortcut first-keystroke="meta down" />
  </action>
  <action id="Editor Copy">
    <keyboard-shortcut first-keystroke="meta c" />
  </action>
  <action id="Editor Cut">
    <keyboard-shortcut first-keystroke="meta x" />
  </action>
  <action id="Editor Redo">
    <keyboard-shortcut first-keystroke="shift meta z" />
  </action>
  <action id="Editor Undo">
    <keyboard-shortcut first-keystroke="meta z" />
  </action>
  <action id="EditorAddCaretPerSelectedLine" />
  <action id="EditorCodeBlockEnd" />
  <action id="EditorContextInfo" />
  <action id="EditorCutLineEnd" />
  <action id="EditorDecreaseFontSizeGlobal">
    <keyboard-shortcut first-keystroke="shift ctrl minus" />
  </action>
  <action id="EditorDuplicate">
    <keyboard-shortcut first-keystroke="meta semicolon" />
  </action>
  <action id="EditorIncreaseFontSizeGlobal">
    <keyboard-shortcut first-keystroke="shift ctrl equals" />
  </action>
  <action id="EditorLeft">
    <keyboard-shortcut first-keystroke="left" />
  </action>
  <action id="EditorLineEnd">
    <keyboard-shortcut first-keystroke="meta right" />
  </action>
  <action id="EditorLineStart">
    <keyboard-shortcut first-keystroke="meta left" />
  </action>
  <action id="EditorMatchBrace" />
  <action id="EditorNextWord" />
  <action id="EditorPasteFromX11">
    <mouse-shortcut keystroke="button2" />
    <keyboard-shortcut first-keystroke="meta v" />
  </action>
  <action id="EditorPreviousWord" />
  <action id="EditorResetFontSizeGlobal">
    <keyboard-shortcut first-keystroke="shift ctrl 0" />
  </action>
  <action id="EditorScrollToCenter" />
  <action id="EditorSelectWord">
    <keyboard-shortcut first-keystroke="alt l" />
  </action>
  <action id="EditorToggleCase" />
  <action id="EditorUnSelectWord">
    <keyboard-shortcut first-keystroke="alt h" />
  </action>
  <action id="EmojiAndSymbols" />
  <action id="EvaluateExpression" />
  <action id="ExpandCollapseToggleAction">
    <keyboard-shortcut first-keystroke="alt slash" />
  </action>
  <action id="ExportToTextFile" />
  <action id="ExpressionTypeInfo">
    <keyboard-shortcut first-keystroke="shift meta i" />
  </action>
  <action id="ExternalJavaDoc" />
  <action id="ExternalSystem.ProjectRefreshAction" />
  <action id="ExternalToolsGroup">
    <keyboard-shortcut first-keystroke="alt t" />
  </action>
  <action id="FileChooser.GotoDesktop" />
  <action id="FileChooser.GotoHome">
    <keyboard-shortcut first-keystroke="meta f1" />
  </action>
  <action id="FileChooser.GotoModule" />
  <action id="FileChooser.GotoProject" />
  <action id="FileChooser.TogglePathBar" />
  <action id="FileStructurePopup" />
  <action id="FindNext">
    <keyboard-shortcut first-keystroke="meta close_bracket" />
  </action>
  <action id="FindPrevious">
    <keyboard-shortcut first-keystroke="meta open_bracket" />
  </action>
  <action id="FindUsages">
    <keyboard-shortcut first-keystroke="shift meta u" />
  </action>
  <action id="FindUsagesInFile" />
  <action id="ForceStepInto" />
  <action id="ForceStepOver" />
  <action id="Forward">
    <mouse-shortcut keystroke="button5" />
  </action>
  <action id="Generate">
    <keyboard-shortcut first-keystroke="alt g" />
  </action>
  <action id="Git.Rename.Local.Branch">
    <keyboard-shortcut first-keystroke="f2" />
  </action>
  <action id="Git.Reword.Commit">
    <keyboard-shortcut first-keystroke="f2" />
  </action>
  <action id="Github.PullRequest.Diff.Comment.Create" />
  <action id="GoToCodeGroup">
    <keyboard-shortcut first-keystroke="meta g" />
  </action>
  <action id="GoToTab1">
    <keyboard-shortcut first-keystroke="meta 1" />
  </action>
  <action id="GoToTab2">
    <keyboard-shortcut first-keystroke="meta 2" />
  </action>
  <action id="GoToTab3">
    <keyboard-shortcut first-keystroke="meta 3" />
  </action>
  <action id="GoToTab4">
    <keyboard-shortcut first-keystroke="meta 4" />
  </action>
  <action id="GoToTab5">
    <keyboard-shortcut first-keystroke="meta 5" />
  </action>
  <action id="GoToTab6">
    <keyboard-shortcut first-keystroke="meta 6" />
  </action>
  <action id="GoToTab7">
    <keyboard-shortcut first-keystroke="meta 7" />
  </action>
  <action id="GoToTab8">
    <keyboard-shortcut first-keystroke="meta 8" />
  </action>
  <action id="GoToTab9">
    <keyboard-shortcut first-keystroke="meta 9" />
  </action>
  <action id="GotoAction" />
  <action id="GotoBookmark0" />
  <action id="GotoBookmark1" />
  <action id="GotoBookmark2" />
  <action id="GotoBookmark3" />
  <action id="GotoBookmark4" />
  <action id="GotoBookmark5" />
  <action id="GotoBookmark6" />
  <action id="GotoBookmark7" />
  <action id="GotoBookmark8" />
  <action id="GotoBookmark9" />
  <action id="GotoDeclaration">
    <mouse-shortcut keystroke="meta button1" />
    <mouse-shortcut keystroke="Force touch" />
    <mouse-shortcut keystroke="button2" />
    <keyboard-shortcut first-keystroke="meta u" />
  </action>
  <action id="GotoImplementation">
    <mouse-shortcut keystroke="meta alt button1" />
    <keyboard-shortcut first-keystroke="meta i" />
  </action>
  <action id="GotoLine" />
  <action id="GotoNextError">
    <keyboard-shortcut first-keystroke="meta e" />
  </action>
  <action id="GotoPreviousError">
    <keyboard-shortcut first-keystroke="shift meta e" />
  </action>
  <action id="GotoRelated" />
  <action id="GotoRow" />
  <action id="GotoSuperMethod">
    <keyboard-shortcut first-keystroke="meta y" />
  </action>
  <action id="GotoTest" />
  <action id="GotoTypeDeclaration">
    <keyboard-shortcut first-keystroke="shift meta y" />
  </action>
  <action id="GotoUrlAction" />
  <action id="Graph.RouteEdges" />
  <action id="HippieBackwardCompletion" />
  <action id="HippieCompletion" />
  <action id="IdeaVim.ReloadVimRc.reload">
    <keyboard-shortcut first-keystroke="alt v" />
  </action>
  <action id="Images.EditExternally" />
  <action id="Images.Editor.ToggleGrid" />
  <action id="ImplementMethods">
    <keyboard-shortcut first-keystroke="alt i" />
  </action>
  <action id="InsertLiveTemplate">
    <keyboard-shortcut first-keystroke="alt f1" />
  </action>
  <action id="Jdbc.OpenConsole.New" />
  <action id="JsonPathExportEvaluateResultAction" />
  <action id="JumpToLastWindow" />
  <action id="Just.QuickRunRecipes" />
  <action id="List-selectFirstRow" />
  <action id="List-selectLastRow" />
  <action id="LocalHistory.ShowSelectionHistory">
    <keyboard-shortcut first-keystroke="shift alt h" />
  </action>
  <action id="MethodDown">
    <keyboard-shortcut first-keystroke="alt close_bracket" />
  </action>
  <action id="MethodHierarchy" />
  <action id="MethodUp">
    <keyboard-shortcut first-keystroke="alt open_bracket" />
  </action>
  <action id="MinimizeCurrentWindow" />
  <action id="MoveLineDown">
    <keyboard-shortcut first-keystroke="alt j" />
  </action>
  <action id="MoveLineUp">
    <keyboard-shortcut first-keystroke="alt k" />
  </action>
  <action id="MoveStatementDown">
    <keyboard-shortcut first-keystroke="shift meta down" />
    <keyboard-shortcut first-keystroke="shift alt j" />
  </action>
  <action id="MoveStatementUp">
    <keyboard-shortcut first-keystroke="shift meta up" />
    <keyboard-shortcut first-keystroke="shift alt k" />
  </action>
  <action id="NewDir">
    <keyboard-shortcut first-keystroke="shift meta n" />
  </action>
  <action id="NewFile">
    <keyboard-shortcut first-keystroke="meta n" />
  </action>
  <action id="NewScratchFile" />
  <action id="NextDiff" />
  <action id="NextEditorTab" />
  <action id="NextOccurence">
    <keyboard-shortcut first-keystroke="alt down" />
  </action>
  <action id="NextTab" />
  <action id="NextWindow" />
  <action id="OpenFile">
    <keyboard-shortcut first-keystroke="ctrl o" />
  </action>
  <action id="OverrideMethods">
    <keyboard-shortcut first-keystroke="alt o" />
  </action>
  <action id="ParameterInfo">
    <keyboard-shortcut first-keystroke="shift meta period" />
  </action>
  <action id="Pieces.AdvancedSend">
    <keyboard-shortcut first-keystroke="shift meta s" />
  </action>
  <action id="Pieces.Reclassify" />
  <action id="Pieces.Rename">
    <keyboard-shortcut first-keystroke="f2" />
  </action>
  <action id="Pieces.Search" />
  <action id="Pieces.Send" />
  <action id="Pieces.Share.List" />
  <action id="PinActiveEditorTab" />
  <action id="PinToolwindowTab" />
  <action id="PreviousEditorTab" />
  <action id="PreviousOccurence">
    <keyboard-shortcut first-keystroke="alt up" />
  </action>
  <action id="PreviousTab" />
  <action id="PreviousWindow" />
  <action id="QuickChangeScheme" />
  <action id="QuickImplementations" />
  <action id="QuickJavaDoc">
    <keyboard-shortcut first-keystroke="f1" />
    <mouse-shortcut keystroke="control button2" />
  </action>
  <action id="RecentChanges" />
  <action id="RecentFiles">
    <keyboard-shortcut first-keystroke="alt e" />
  </action>
  <action id="RecentLocations">
    <keyboard-shortcut first-keystroke="shift alt e" />
  </action>
  <action id="Refactorings.QuickListPopupAction">
    <keyboard-shortcut first-keystroke="f3" />
  </action>
  <action id="Refresh" />
  <action id="RenameElement">
    <keyboard-shortcut first-keystroke="f2" />
  </action>
  <action id="Replace">
    <keyboard-shortcut first-keystroke="alt s" />
  </action>
  <action id="ReplaceInPath">
    <keyboard-shortcut first-keystroke="shift alt s" />
  </action>
  <action id="Rerun">
    <keyboard-shortcut first-keystroke="shift meta r" />
  </action>
  <action id="RerunTests">
    <keyboard-shortcut first-keystroke="shift ctrl r" />
  </action>
  <action id="Resume">
    <keyboard-shortcut first-keystroke="meta d" />
  </action>
  <action id="Run" />
  <action id="RunClass">
    <keyboard-shortcut first-keystroke="meta r" />
  </action>
  <action id="RunDashboard.Debug" />
  <action id="RunDashboard.Run" />
  <action id="RunJsbtTask" />
  <action id="RunToCursor">
    <mouse-shortcut keystroke="Force touch" />
    <keyboard-shortcut first-keystroke="meta k" />
  </action>
  <action id="Rust.Build" />
  <action id="Rust.ConsoleREPL">
    <keyboard-shortcut first-keystroke="ctrl back_quote" />
  </action>
  <action id="Rust.NewCargoCrate">
    <keyboard-shortcut first-keystroke="shift alt n" />
  </action>
  <action id="Rust.NewRustFile">
    <keyboard-shortcut first-keystroke="alt n" />
  </action>
  <action id="Rust.ShowRecursiveMacroExpansionAction">
    <keyboard-shortcut first-keystroke="shift meta x" />
  </action>
  <action id="SaveAsTemplate">
    <keyboard-shortcut first-keystroke="alt f3" />
  </action>
  <action id="SearchEverywhere">
    <keyboard-shortcut first-keystroke="meta p" />
  </action>
  <action id="SelectAllOccurrences">
    <keyboard-shortcut first-keystroke="shift meta back_slash" />
  </action>
  <action id="SelectIn">
    <keyboard-shortcut first-keystroke="alt q" />
  </action>
  <action id="SelectNextOccurrence">
    <keyboard-shortcut first-keystroke="shift meta close_bracket" />
  </action>
  <action id="SendEOF" />
  <action id="ServiceView.GroupByContributor" />
  <action id="ShelvedChanges.Rename">
    <keyboard-shortcut first-keystroke="f2" />
  </action>
  <action id="ShowBookmarks">
    <keyboard-shortcut first-keystroke="meta b" />
  </action>
  <action id="ShowColorPicker">
    <keyboard-shortcut first-keystroke="shift alt c" />
  </action>
  <action id="ShowErrorDescription" />
  <action id="ShowExecutionPoint" />
  <action id="ShowFilePath" />
  <action id="ShowIntentionActions">
    <keyboard-shortcut first-keystroke="meta period" />
  </action>
  <action id="ShowNavBar">
    <keyboard-shortcut first-keystroke="meta up" />
  </action>
  <action id="ShowPopupMenu">
    <keyboard-shortcut first-keystroke="shift alt m" />
  </action>
  <action id="ShowSearchHistory" />
  <action id="ShowSettings" />
  <action id="ShowTypeBookmarks">
    <keyboard-shortcut first-keystroke="meta m" />
  </action>
  <action id="SmartStepInto" />
  <action id="Space.Review.CreateDiffComment" />
  <action id="StepInto">
    <keyboard-shortcut first-keystroke="meta l" />
  </action>
  <action id="StepOut">
    <keyboard-shortcut first-keystroke="meta h" />
  </action>
  <action id="StepOver">
    <keyboard-shortcut first-keystroke="meta j" />
  </action>
  <action id="Stop">
    <keyboard-shortcut first-keystroke="shift meta t" />
  </action>
  <action id="SurroundWith">
    <keyboard-shortcut first-keystroke="shift alt l" />
  </action>
  <action id="SurroundWithLiveTemplate">
    <keyboard-shortcut first-keystroke="alt f2" />
  </action>
  <action id="SwitcherIterateItems">
    <keyboard-shortcut first-keystroke="alt e" />
  </action>
  <action id="SwitcherRecentEditedChangedToggleCheckBox">
    <keyboard-shortcut first-keystroke="alt e" />
  </action>
  <action id="TableResult.SelectAllOccurrences" />
  <action id="TableResult.SelectNextOccurrence" />
  <action id="TableResult.UnselectPreviousOccurrence" />
  <action id="Terminal.ClearBuffer">
    <keyboard-shortcut first-keystroke="ctrl l" />
  </action>
  <action id="Terminal.NewTab" />
  <action id="TerminalResetFontSize" />
  <action id="TextSearchAction" />
  <action id="TodoViewGroupByShowModules" />
  <action id="ToggleBookmark">
    <keyboard-shortcut first-keystroke="shift meta b" />
  </action>
  <action id="ToggleBookmark0" />
  <action id="ToggleBookmark1" />
  <action id="ToggleBookmark2" />
  <action id="ToggleBookmark3" />
  <action id="ToggleBookmark4" />
  <action id="ToggleBookmark5" />
  <action id="ToggleBookmark6" />
  <action id="ToggleBookmark7" />
  <action id="ToggleBookmark8" />
  <action id="ToggleBookmark9" />
  <action id="ToggleBookmarkWithMnemonic">
    <keyboard-shortcut first-keystroke="shift meta m" />
  </action>
  <action id="ToggleFullScreen" />
  <action id="ToggleLineBreakpoint">
    <keyboard-shortcut first-keystroke="shift meta d" />
  </action>
  <action id="ToggleTemporaryLineBreakpoint" />
  <action id="Tool_External Tools_DX Serve Hot Reload">
    <keyboard-shortcut first-keystroke="meta f6" />
  </action>
  <action id="Tool_External Tools_Format RSX">
    <keyboard-shortcut first-keystroke="shift alt f" />
  </action>
  <action id="Tool_External Tools_Html to RSX">
    <keyboard-shortcut first-keystroke="shift alt v" />
  </action>
  <action id="Tool_External Tools_Run SSR on release mode">
    <keyboard-shortcut first-keystroke="f8" />
  </action>
  <action id="Tool_External Tools_dioxus build web">
    <keyboard-shortcut first-keystroke="f9" />
  </action>
  <action id="Tool_External Tools_format dioxus">
    <keyboard-shortcut first-keystroke="shift meta i" />
  </action>
  <action id="TypeHierarchy" />
  <action id="Uml.ShowDiff" />
  <action id="UnselectPreviousOccurrence">
    <keyboard-shortcut first-keystroke="shift meta open_bracket" />
  </action>
  <action id="UpdateRunningApplication" />
  <action id="UsageFiltering.Imports">
    <keyboard-shortcut first-keystroke="meta i" />
  </action>
  <action id="UsageFiltering.ReadAccess" />
  <action id="UsageFiltering.WriteAccess" />
  <action id="UsageGrouping.DirectoryStructure" />
  <action id="UsageGrouping.FileStructure">
    <keyboard-shortcut first-keystroke="meta f" />
  </action>
  <action id="UsageGrouping.FlattenModules" />
  <action id="UsageGrouping.Module">
    <keyboard-shortcut first-keystroke="meta m" />
  </action>
  <action id="UsageGrouping.UsageType" />
  <action id="UsageView.ShowRecentFindUsages" />
  <action id="Vcs.Log.FocusTextFilter" />
  <action id="Vcs.MoveChangedLinesToChangelist" />
  <action id="Vcs.Push" />
  <action id="Vcs.QuickListPopupAction" />
  <action id="Vcs.ShowMessageHistory" />
  <action id="Vcs.UpdateProject" />
  <action id="ViewBreakpoints" />
  <action id="WD.UploadCurrentRemoteFileAction" />
  <action id="WebOpenInAction" />
  <action id="android.device.back.button" />
  <action id="android.device.power.button" />
  <action id="android.device.screenshot" />
  <action id="context.clear" />
  <action id="copilot.applyInlaysNextLine">
    <keyboard-shortcut first-keystroke="shift meta j" />
  </action>
  <action id="copilot.applyInlaysNextWord">
    <keyboard-shortcut first-keystroke="shift meta k" />
  </action>
  <action id="copilot.chat.show" />
  <action id="copilot.cycleNextInlays">
    <keyboard-shortcut first-keystroke="shift meta l" />
  </action>
  <action id="copilot.cyclePrevInlays">
    <keyboard-shortcut first-keystroke="shift meta h" />
  </action>
  <action id="copilot.disposeInlays" />
  <action id="copilot.enableCopilot" />
  <action id="copilot.requestCompletions" />
  <action id="hg4idea.QGotoFromPatches" />
  <action id="hg4idea.QPushAction" />
  <action id="openAssertEqualsDiff" />
  <action id="org.intellij.plugins.markdown.ui.actions.styling.InsertImageAction" />
  <action id="org.intellij.plugins.markdown.ui.actions.styling.ToggleStrikethroughAction" />
  <action id="sql.SelectInDatabaseView" />
  <action id="start.stop.timer">
    <keyboard-shortcut first-keystroke="shift alt t" />
  </action>
  <action id="tasks.close" />
  <action id="tasks.goto">
    <keyboard-shortcut first-keystroke="meta back_slash" />
  </action>
  <action id="tasks.open.in.browser" />
  <action id="tasks.switch" />
</keymap>